param2,param1,min_dist,min_radius,max_radius,dp,circles,ellipses,raw_count,adjusted,out_file,elapsed_ms
15,50,15,8,50,1.0,7533,0,7533,6779.7,output__p1=50_p2=15_md=15_r=8-50_dp=1.0.jpg,4661.1
15,50,15,8,50,1.2,7523,0,7523,6770.7,output__p1=50_p2=15_md=15_r=8-50_dp=1.2.jpg,3903.8
15,50,15,8,50,1.5,7592,0,7592,6832.8,output__p1=50_p2=15_md=15_r=8-50_dp=1.5.jpg,2595.3
15,50,25,8,50,1.0,2831,0,2831,2547.9,output__p1=50_p2=15_md=25_r=8-50_dp=1.0.jpg,3799.2
15,50,25,8,50,1.2,2883,0,2883,2594.7000000000003,output__p1=50_p2=15_md=25_r=8-50_dp=1.2.jpg,3295.6
15,50,25,8,50,1.5,2810,0,2810,2529.0,output__p1=50_p2=15_md=25_r=8-50_dp=1.5.jpg,2095.4
15,50,40,8,50,1.0,1138,0,1138,1024.2,output__p1=50_p2=15_md=40_r=8-50_dp=1.0.jpg,3677.0
15,50,40,8,50,1.2,1140,0,1140,1026.0,output__p1=50_p2=15_md=40_r=8-50_dp=1.2.jpg,2871.9
15,50,40,8,50,1.5,1144,0,1144,1029.6000000000001,output__p1=50_p2=15_md=40_r=8-50_dp=1.5.jpg,1916.7
15,80,15,8,50,1.0,7350,0,7350,6615.0,output__p1=80_p2=15_md=15_r=8-50_dp=1.0.jpg,3935.1
15,80,15,8,50,1.2,7494,0,7494,6744.6,output__p1=80_p2=15_md=15_r=8-50_dp=1.2.jpg,3683.1
15,80,15,8,50,1.5,7577,0,7577,6819.3,output__p1=80_p2=15_md=15_r=8-50_dp=1.5.jpg,2477.9
15,80,25,8,50,1.0,2809,0,2809,2528.1,output__p1=80_p2=15_md=25_r=8-50_dp=1.0.jpg,3232.5
15,80,25,8,50,1.2,2837,0,2837,2553.3,output__p1=80_p2=15_md=25_r=8-50_dp=1.2.jpg,2956.2
15,80,25,8,50,1.5,2808,0,2808,2527.2000000000003,output__p1=80_p2=15_md=25_r=8-50_dp=1.5.jpg,2129.8
15,80,40,8,50,1.0,1136,0,1136,1022.4,output__p1=80_p2=15_md=40_r=8-50_dp=1.0.jpg,3208.2
15,80,40,8,50,1.2,1154,0,1154,1038.6000000000001,output__p1=80_p2=15_md=40_r=8-50_dp=1.2.jpg,2715.3
15,80,40,8,50,1.5,1135,0,1135,1021.5,output__p1=80_p2=15_md=40_r=8-50_dp=1.5.jpg,1851.0
15,120,15,8,50,1.0,7011,0,7011,6309.900000000001,output__p1=120_p2=15_md=15_r=8-50_dp=1.0.jpg,3015.2
15,120,15,8,50,1.2,7389,0,7389,6650.1,output__p1=120_p2=15_md=15_r=8-50_dp=1.2.jpg,3341.5
15,120,15,8,50,1.5,7585,0,7585,6826.5,output__p1=120_p2=15_md=15_r=8-50_dp=1.5.jpg,2403.9
15,120,25,8,50,1.0,2711,0,2711,2439.9,output__p1=120_p2=15_md=25_r=8-50_dp=1.0.jpg,2612.5
15,120,25,8,50,1.2,2811,0,2811,2529.9,output__p1=120_p2=15_md=25_r=8-50_dp=1.2.jpg,2631.9
15,120,25,8,50,1.5,2816,0,2816,2534.4,output__p1=120_p2=15_md=25_r=8-50_dp=1.5.jpg,1893.4
15,120,40,8,50,1.0,1090,0,1090,981.0,output__p1=120_p2=15_md=40_r=8-50_dp=1.0.jpg,2517.2
15,120,40,8,50,1.2,1132,0,1132,1018.8000000000001,output__p1=120_p2=15_md=40_r=8-50_dp=1.2.jpg,2428.0
15,120,40,8,50,1.5,1148,0,1148,1033.2,output__p1=120_p2=15_md=40_r=8-50_dp=1.5.jpg,1739.6
25,50,15,8,50,1.0,4686,0,4686,4217.400000000001,output__p1=50_p2=25_md=15_r=8-50_dp=1.0.jpg,899.3
25,50,15,8,50,1.2,6815,0,6815,6133.5,output__p1=50_p2=25_md=15_r=8-50_dp=1.2.jpg,2630.5
25,50,15,8,50,1.5,7440,0,7440,6696.0,output__p1=50_p2=25_md=15_r=8-50_dp=1.5.jpg,3919.8
25,50,25,8,50,1.0,2092,0,2092,1882.8,output__p1=50_p2=25_md=25_r=8-50_dp=1.0.jpg,870.8
25,50,25,8,50,1.2,2671,0,2671,2403.9,output__p1=50_p2=25_md=25_r=8-50_dp=1.2.jpg,2255.3
25,50,25,8,50,1.5,2747,0,2747,2472.3,output__p1=50_p2=25_md=25_r=8-50_dp=1.5.jpg,2142.2
25,50,40,8,50,1.0,923,0,923,830.7,output__p1=50_p2=25_md=40_r=8-50_dp=1.0.jpg,972.3
25,50,40,8,50,1.2,1070,0,1070,963.0,output__p1=50_p2=25_md=40_r=8-50_dp=1.2.jpg,2319.7
25,50,40,8,50,1.5,1116,0,1116,1004.4,output__p1=50_p2=25_md=40_r=8-50_dp=1.5.jpg,1951.4
25,80,15,8,50,1.0,3879,0,3879,3491.1,output__p1=80_p2=25_md=15_r=8-50_dp=1.0.jpg,643.4
25,80,15,8,50,1.2,6395,0,6395,5755.5,output__p1=80_p2=25_md=15_r=8-50_dp=1.2.jpg,2363.9
25,80,15,8,50,1.5,7307,0,7307,6576.3,output__p1=80_p2=25_md=15_r=8-50_dp=1.5.jpg,4471.2
25,80,25,8,50,1.0,1830,0,1830,1647.0,output__p1=80_p2=25_md=25_r=8-50_dp=1.0.jpg,8630.9
25,80,25,8,50,1.2,2567,0,2567,2310.3,output__p1=80_p2=25_md=25_r=8-50_dp=1.2.jpg,4634.2
25,80,25,8,50,1.5,2731,0,2731,2457.9,output__p1=80_p2=25_md=25_r=8-50_dp=1.5.jpg,12338.1
25,80,40,8,50,1.0,845,0,845,760.5,output__p1=80_p2=25_md=40_r=8-50_dp=1.0.jpg,620.5
25,80,40,8,50,1.2,1049,0,1049,944.1,output__p1=80_p2=25_md=40_r=8-50_dp=1.2.jpg,1698.9
25,80,40,8,50,1.5,1113,0,1113,1001.7,output__p1=80_p2=25_md=40_r=8-50_dp=1.5.jpg,1675.5
25,120,15,8,50,1.0,2741,0,2741,2466.9,output__p1=120_p2=25_md=15_r=8-50_dp=1.0.jpg,370.8
25,120,15,8,50,1.2,5680,0,5680,5112.0,output__p1=120_p2=25_md=15_r=8-50_dp=1.2.jpg,1312.3
25,120,15,8,50,1.5,7131,0,7131,6417.900000000001,output__p1=120_p2=25_md=15_r=8-50_dp=1.5.jpg,2064.6
25,120,25,8,50,1.0,1407,0,1407,1266.3,output__p1=120_p2=25_md=25_r=8-50_dp=1.0.jpg,349.1
25,120,25,8,50,1.2,2342,0,2342,2107.8,output__p1=120_p2=25_md=25_r=8-50_dp=1.2.jpg,1299.8
25,120,25,8,50,1.5,2692,0,2692,2422.8,output__p1=120_p2=25_md=25_r=8-50_dp=1.5.jpg,1725.3
25,120,40,8,50,1.0,718,0,718,646.2,output__p1=120_p2=25_md=40_r=8-50_dp=1.0.jpg,377.3
25,120,40,8,50,1.2,976,0,976,878.4,output__p1=120_p2=25_md=40_r=8-50_dp=1.2.jpg,1686.8
25,120,40,8,50,1.5,1095,0,1095,985.5,output__p1=120_p2=25_md=40_r=8-50_dp=1.5.jpg,3903.7
35,50,15,8,50,1.0,636,0,636,572.4,output__p1=50_p2=35_md=15_r=8-50_dp=1.0.jpg,215.7
35,50,15,8,50,1.2,3990,0,3990,3591.0,output__p1=50_p2=35_md=15_r=8-50_dp=1.2.jpg,779.3
35,50,15,8,50,1.5,6748,0,6748,6073.2,output__p1=50_p2=35_md=15_r=8-50_dp=1.5.jpg,2156.2
35,50,25,8,50,1.0,485,0,485,436.5,output__p1=50_p2=35_md=25_r=8-50_dp=1.0.jpg,171.2
35,50,25,8,50,1.2,1860,0,1860,1674.0,output__p1=50_p2=35_md=25_r=8-50_dp=1.2.jpg,1207.3
35,50,25,8,50,1.5,2582,0,2582,2323.8,output__p1=50_p2=35_md=25_r=8-50_dp=1.5.jpg,1775.8
35,50,40,8,50,1.0,375,0,375,337.5,output__p1=50_p2=35_md=40_r=8-50_dp=1.0.jpg,162.3
35,50,40,8,50,1.2,851,0,851,765.9,output__p1=50_p2=35_md=40_r=8-50_dp=1.2.jpg,617.2
35,50,40,8,50,1.5,1057,0,1057,951.3000000000001,output__p1=50_p2=35_md=40_r=8-50_dp=1.5.jpg,2127.0
35,80,15,8,50,1.0,405,0,405,364.5,output__p1=80_p2=35_md=15_r=8-50_dp=1.0.jpg,178.2
35,80,15,8,50,1.2,3165,0,3165,2848.5,output__p1=80_p2=35_md=15_r=8-50_dp=1.2.jpg,483.2
35,80,15,8,50,1.5,6368,0,6368,5731.2,output__p1=80_p2=35_md=15_r=8-50_dp=1.5.jpg,1469.6
35,80,25,8,50,1.0,332,0,332,298.8,output__p1=80_p2=35_md=25_r=8-50_dp=1.0.jpg,107.1
35,80,25,8,50,1.2,1590,0,1590,1431.0,output__p1=80_p2=35_md=25_r=8-50_dp=1.2.jpg,452.5
35,80,25,8,50,1.5,2487,0,2487,2238.3,output__p1=80_p2=35_md=25_r=8-50_dp=1.5.jpg,1568.8
35,80,40,8,50,1.0,290,0,290,261.0,output__p1=80_p2=35_md=40_r=8-50_dp=1.0.jpg,119.0
35,80,40,8,50,1.2,770,0,770,693.0,output__p1=80_p2=35_md=40_r=8-50_dp=1.2.jpg,390.4
35,80,40,8,50,1.5,1024,0,1024,921.6,output__p1=80_p2=35_md=40_r=8-50_dp=1.5.jpg,1321.1
35,120,15,8,50,1.0,236,0,236,212.4,output__p1=120_p2=35_md=15_r=8-50_dp=1.0.jpg,106.0
35,120,15,8,50,1.2,2166,0,2166,1949.4,output__p1=120_p2=35_md=15_r=8-50_dp=1.2.jpg,339.4
35,120,15,8,50,1.5,5634,0,5634,5070.6,output__p1=120_p2=35_md=15_r=8-50_dp=1.5.jpg,1069.8
35,120,25,8,50,1.0,214,0,214,192.6,output__p1=120_p2=35_md=25_r=8-50_dp=1.0.jpg,100.4
35,120,25,8,50,1.2,1218,0,1218,1096.2,output__p1=120_p2=35_md=25_r=8-50_dp=1.2.jpg,281.6
35,120,25,8,50,1.5,2313,0,2313,2081.7000000000003,output__p1=120_p2=35_md=25_r=8-50_dp=1.5.jpg,947.7
35,120,40,8,50,1.0,196,0,196,176.4,output__p1=120_p2=35_md=40_r=8-50_dp=1.0.jpg,98.2
35,120,40,8,50,1.2,659,0,659,593.1,output__p1=120_p2=35_md=40_r=8-50_dp=1.2.jpg,242.5
35,120,40,8,50,1.5,956,0,956,860.4,output__p1=120_p2=35_md=40_r=8-50_dp=1.5.jpg,934.0
50,50,15,8,50,1.0,1,0,1,0.9,output__p1=50_p2=50_md=15_r=8-50_dp=1.0.jpg,97.4
50,50,15,8,50,1.2,282,0,282,253.8,output__p1=50_p2=50_md=15_r=8-50_dp=1.2.jpg,984.5
50,50,15,8,50,1.5,3888,0,3888,3499.2000000000003,output__p1=50_p2=50_md=15_r=8-50_dp=1.5.jpg,1733.5
50,50,25,8,50,1.0,1,0,1,0.9,output__p1=50_p2=50_md=25_r=8-50_dp=1.0.jpg,158.4
50,50,25,8,50,1.2,246,0,246,221.4,output__p1=50_p2=50_md=25_r=8-50_dp=1.2.jpg,278.1
50,50,25,8,50,1.5,1833,0,1833,1649.7,output__p1=50_p2=50_md=25_r=8-50_dp=1.5.jpg,876.3
50,50,40,8,50,1.0,1,0,1,0.9,output__p1=50_p2=50_md=40_r=8-50_dp=1.0.jpg,285.5
50,50,40,8,50,1.2,223,0,223,200.70000000000002,output__p1=50_p2=50_md=40_r=8-50_dp=1.2.jpg,126.5
50,50,40,8,50,1.5,819,0,819,737.1,output__p1=50_p2=50_md=40_r=8-50_dp=1.5.jpg,1068.7
50,80,15,8,50,1.0,1,0,1,0.9,output__p1=80_p2=50_md=15_r=8-50_dp=1.0.jpg,105.5
50,80,15,8,50,1.2,183,0,183,164.70000000000002,output__p1=80_p2=50_md=15_r=8-50_dp=1.2.jpg,96.3
50,80,15,8,50,1.5,3006,0,3006,2705.4,output__p1=80_p2=50_md=15_r=8-50_dp=1.5.jpg,675.2
50,80,25,8,50,1.0,1,0,1,0.9,output__p1=80_p2=50_md=25_r=8-50_dp=1.0.jpg,89.8
50,80,25,8,50,1.2,167,0,167,150.3,output__p1=80_p2=50_md=25_r=8-50_dp=1.2.jpg,79.5
50,80,25,8,50,1.5,1504,0,1504,1353.6000000000001,output__p1=80_p2=50_md=25_r=8-50_dp=1.5.jpg,444.9
50,80,40,8,50,1.0,1,0,1,0.9,output__p1=80_p2=50_md=40_r=8-50_dp=1.0.jpg,99.9
50,80,40,8,50,1.2,159,0,159,143.1,output__p1=80_p2=50_md=40_r=8-50_dp=1.2.jpg,83.1
50,80,40,8,50,1.5,764,0,764,687.6,output__p1=80_p2=50_md=40_r=8-50_dp=1.5.jpg,567.9
50,120,15,8,50,1.0,0,0,0,0.0,output__p1=120_p2=50_md=15_r=8-50_dp=1.0.jpg,85.5
50,120,15,8,50,1.2,106,0,106,95.4,output__p1=120_p2=50_md=15_r=8-50_dp=1.2.jpg,79.6
50,120,15,8,50,1.5,1969,0,1969,1772.1000000000001,output__p1=120_p2=50_md=15_r=8-50_dp=1.5.jpg,270.8
50,120,25,8,50,1.0,0,0,0,0.0,output__p1=120_p2=50_md=25_r=8-50_dp=1.0.jpg,88.5
50,120,25,8,50,1.2,99,0,99,89.10000000000001,output__p1=120_p2=50_md=25_r=8-50_dp=1.2.jpg,80.9
50,120,25,8,50,1.5,1108,0,1108,997.2,output__p1=120_p2=50_md=25_r=8-50_dp=1.5.jpg,290.3
50,120,40,8,50,1.0,0,0,0,0.0,output__p1=120_p2=50_md=40_r=8-50_dp=1.0.jpg,81.7
50,120,40,8,50,1.2,94,0,94,84.60000000000001,output__p1=120_p2=50_md=40_r=8-50_dp=1.2.jpg,67.3
50,120,40,8,50,1.5,620,0,620,558.0,output__p1=120_p2=50_md=40_r=8-50_dp=1.5.jpg,245.3
15,50,15,10,70,1.0,7664,0,7664,6897.6,output__p1=50_p2=15_md=15_r=10-70_dp=1.0.jpg,12565.6
15,50,15,10,70,1.2,7565,0,7565,6808.5,output__p1=50_p2=15_md=15_r=10-70_dp=1.2.jpg,8480.9
15,50,15,10,70,1.5,7626,0,7626,6863.400000000001,output__p1=50_p2=15_md=15_r=10-70_dp=1.5.jpg,6168.6
15,50,25,10,70,1.0,2895,0,2895,2605.5,output__p1=50_p2=15_md=25_r=10-70_dp=1.0.jpg,8617.8
15,50,25,10,70,1.2,2854,0,2854,2568.6,output__p1=50_p2=15_md=25_r=10-70_dp=1.2.jpg,6130.2
15,50,25,10,70,1.5,2814,0,2814,2532.6,output__p1=50_p2=15_md=25_r=10-70_dp=1.5.jpg,3914.5
15,50,40,10,70,1.0,1157,0,1157,1041.3,output__p1=50_p2=15_md=40_r=10-70_dp=1.0.jpg,8867.1
15,50,40,10,70,1.2,1139,0,1139,1025.1000000000001,output__p1=50_p2=15_md=40_r=10-70_dp=1.2.jpg,5624.5
15,50,40,10,70,1.5,1157,0,1157,1041.3,output__p1=50_p2=15_md=40_r=10-70_dp=1.5.jpg,4169.0
15,80,15,10,70,1.0,7653,0,7653,6887.7,output__p1=80_p2=15_md=15_r=10-70_dp=1.0.jpg,10797.4
15,80,15,10,70,1.2,7577,0,7577,6819.3,output__p1=80_p2=15_md=15_r=10-70_dp=1.2.jpg,8963.8
15,80,15,10,70,1.5,7636,0,7636,6872.400000000001,output__p1=80_p2=15_md=15_r=10-70_dp=1.5.jpg,4543.0
15,80,25,10,70,1.0,2870,0,2870,2583.0,output__p1=80_p2=15_md=25_r=10-70_dp=1.0.jpg,8465.4
15,80,25,10,70,1.2,2852,0,2852,2566.8,output__p1=80_p2=15_md=25_r=10-70_dp=1.2.jpg,7032.0
15,80,25,10,70,1.5,2805,0,2805,2524.5,output__p1=80_p2=15_md=25_r=10-70_dp=1.5.jpg,3920.9
15,80,40,10,70,1.0,1152,0,1152,1036.8,output__p1=80_p2=15_md=40_r=10-70_dp=1.0.jpg,8189.8
15,80,40,10,70,1.2,1146,0,1146,1031.4,output__p1=80_p2=15_md=40_r=10-70_dp=1.2.jpg,5093.1
15,80,40,10,70,1.5,1160,0,1160,1044.0,output__p1=80_p2=15_md=40_r=10-70_dp=1.5.jpg,3360.7
15,120,15,10,70,1.0,7565,0,7565,6808.5,output__p1=120_p2=15_md=15_r=10-70_dp=1.0.jpg,8588.8
15,120,15,10,70,1.2,7554,0,7554,6798.6,output__p1=120_p2=15_md=15_r=10-70_dp=1.2.jpg,7128.4
15,120,15,10,70,1.5,7604,0,7604,6843.6,output__p1=120_p2=15_md=15_r=10-70_dp=1.5.jpg,4161.9
15,120,25,10,70,1.0,2837,0,2837,2553.3,output__p1=120_p2=15_md=25_r=10-70_dp=1.0.jpg,7242.9
15,120,25,10,70,1.2,2842,0,2842,2557.8,output__p1=120_p2=15_md=25_r=10-70_dp=1.2.jpg,5634.3
15,120,25,10,70,1.5,2803,0,2803,2522.7000000000003,output__p1=120_p2=15_md=25_r=10-70_dp=1.5.jpg,3251.7
15,120,40,10,70,1.0,1160,0,1160,1044.0,output__p1=120_p2=15_md=40_r=10-70_dp=1.0.jpg,6821.6
15,120,40,10,70,1.2,1146,0,1146,1031.4,output__p1=120_p2=15_md=40_r=10-70_dp=1.2.jpg,4806.1
15,120,40,10,70,1.5,1155,0,1155,1039.5,output__p1=120_p2=15_md=40_r=10-70_dp=1.5.jpg,3246.4
25,50,15,10,70,1.0,6913,0,6913,6221.7,output__p1=50_p2=25_md=15_r=10-70_dp=1.0.jpg,5640.0
25,50,15,10,70,1.2,7367,0,7367,6630.3,output__p1=50_p2=25_md=15_r=10-70_dp=1.2.jpg,5936.3
25,50,15,10,70,1.5,7583,0,7583,6824.7,output__p1=50_p2=25_md=15_r=10-70_dp=1.5.jpg,4322.8
25,50,25,10,70,1.0,2688,0,2688,2419.2000000000003,output__p1=50_p2=25_md=25_r=10-70_dp=1.0.jpg,6629.8
25,50,25,10,70,1.2,2789,0,2789,2510.1,output__p1=50_p2=25_md=25_r=10-70_dp=1.2.jpg,6209.9
25,50,25,10,70,1.5,2803,0,2803,2522.7000000000003,output__p1=50_p2=25_md=25_r=10-70_dp=1.5.jpg,3817.0
25,50,40,10,70,1.0,1084,0,1084,975.6,output__p1=50_p2=25_md=40_r=10-70_dp=1.0.jpg,6387.9
25,50,40,10,70,1.2,1113,0,1113,1001.7,output__p1=50_p2=25_md=40_r=10-70_dp=1.2.jpg,6310.1
25,50,40,10,70,1.5,1149,0,1149,1034.1000000000001,output__p1=50_p2=25_md=40_r=10-70_dp=1.5.jpg,4276.1
25,80,15,10,70,1.0,6546,0,6546,5891.400000000001,output__p1=80_p2=25_md=15_r=10-70_dp=1.0.jpg,4884.8
25,80,15,10,70,1.2,7258,0,7258,6532.2,output__p1=80_p2=25_md=15_r=10-70_dp=1.2.jpg,6919.7
25,80,15,10,70,1.5,7548,0,7548,6793.2,output__p1=80_p2=25_md=15_r=10-70_dp=1.5.jpg,4462.0
25,80,25,10,70,1.0,2576,0,2576,2318.4,output__p1=80_p2=25_md=25_r=10-70_dp=1.0.jpg,4074.4
25,80,25,10,70,1.2,2764,0,2764,2487.6,output__p1=80_p2=25_md=25_r=10-70_dp=1.2.jpg,4825.0
25,80,25,10,70,1.5,2784,0,2784,2505.6,output__p1=80_p2=25_md=25_r=10-70_dp=1.5.jpg,3995.6
25,80,40,10,70,1.0,1076,0,1076,968.4,output__p1=80_p2=25_md=40_r=10-70_dp=1.0.jpg,4704.6
25,80,40,10,70,1.2,1115,0,1115,1003.5,output__p1=80_p2=25_md=40_r=10-70_dp=1.2.jpg,5668.1
25,80,40,10,70,1.5,1154,0,1154,1038.6000000000001,output__p1=80_p2=25_md=40_r=10-70_dp=1.5.jpg,3645.8
25,120,15,10,70,1.0,5690,0,5690,5121.0,output__p1=120_p2=25_md=15_r=10-70_dp=1.0.jpg,2910.8
25,120,15,10,70,1.2,7033,0,7033,6329.7,output__p1=120_p2=25_md=15_r=10-70_dp=1.2.jpg,5098.8
25,120,15,10,70,1.5,7471,0,7471,6723.900000000001,output__p1=120_p2=25_md=15_r=10-70_dp=1.5.jpg,4084.0
25,120,25,10,70,1.0,2340,0,2340,2106.0,output__p1=120_p2=25_md=25_r=10-70_dp=1.0.jpg,2841.3
25,120,25,10,70,1.2,2676,0,2676,2408.4,output__p1=120_p2=25_md=25_r=10-70_dp=1.2.jpg,4471.6
25,120,25,10,70,1.5,2760,0,2760,2484.0,output__p1=120_p2=25_md=25_r=10-70_dp=1.5.jpg,3361.0
25,120,40,10,70,1.0,1008,0,1008,907.2,output__p1=120_p2=25_md=40_r=10-70_dp=1.0.jpg,2769.6
25,120,40,10,70,1.2,1107,0,1107,996.3000000000001,output__p1=120_p2=25_md=40_r=10-70_dp=1.2.jpg,4344.1
25,120,40,10,70,1.5,1134,0,1134,1020.6,output__p1=120_p2=25_md=40_r=10-70_dp=1.5.jpg,3482.5
35,50,15,10,70,1.0,3612,0,3612,3250.8,output__p1=50_p2=35_md=15_r=10-70_dp=1.0.jpg,1101.8
35,50,15,10,70,1.2,6534,0,6534,5880.6,output__p1=50_p2=35_md=15_r=10-70_dp=1.2.jpg,4342.7
35,50,15,10,70,1.5,7340,0,7340,6606.0,output__p1=50_p2=35_md=15_r=10-70_dp=1.5.jpg,3912.8
35,50,25,10,70,1.0,1750,0,1750,1575.0,output__p1=50_p2=35_md=25_r=10-70_dp=1.0.jpg,995.4
35,50,25,10,70,1.2,2563,0,2563,2306.7000000000003,output__p1=50_p2=35_md=25_r=10-70_dp=1.2.jpg,4191.6
35,50,25,10,70,1.5,2727,0,2727,2454.3,output__p1=50_p2=35_md=25_r=10-70_dp=1.5.jpg,3690.1
35,50,40,10,70,1.0,809,0,809,728.1,output__p1=50_p2=35_md=40_r=10-70_dp=1.0.jpg,1226.6
35,50,40,10,70,1.2,1047,0,1047,942.3000000000001,output__p1=50_p2=35_md=40_r=10-70_dp=1.2.jpg,4261.7
35,50,40,10,70,1.5,1126,0,1126,1013.4,output__p1=50_p2=35_md=40_r=10-70_dp=1.5.jpg,3967.3
35,80,15,10,70,1.0,2690,0,2690,2421.0,output__p1=80_p2=35_md=15_r=10-70_dp=1.0.jpg,727.9
35,80,15,10,70,1.2,6081,0,6081,5472.900000000001,output__p1=80_p2=35_md=15_r=10-70_dp=1.2.jpg,3485.9
35,80,15,10,70,1.5,7205,0,7205,6484.5,output__p1=80_p2=35_md=15_r=10-70_dp=1.5.jpg,3750.5
35,80,25,10,70,1.0,1418,0,1418,1276.2,output__p1=80_p2=35_md=25_r=10-70_dp=1.0.jpg,626.0
35,80,25,10,70,1.2,2439,0,2439,2195.1,output__p1=80_p2=35_md=25_r=10-70_dp=1.2.jpg,2923.7
35,80,25,10,70,1.5,2678,0,2678,2410.2000000000003,output__p1=80_p2=35_md=25_r=10-70_dp=1.5.jpg,3308.4
35,80,40,10,70,1.0,709,0,709,638.1,output__p1=80_p2=35_md=40_r=10-70_dp=1.0.jpg,613.2
35,80,40,10,70,1.2,1025,0,1025,922.5,output__p1=80_p2=35_md=40_r=10-70_dp=1.2.jpg,3246.1
35,80,40,10,70,1.5,1122,0,1122,1009.8000000000001,output__p1=80_p2=35_md=40_r=10-70_dp=1.5.jpg,3476.7
35,120,15,10,70,1.0,1566,0,1566,1409.4,output__p1=120_p2=35_md=15_r=10-70_dp=1.0.jpg,315.5
35,120,15,10,70,1.2,5144,0,5144,4629.6,output__p1=120_p2=35_md=15_r=10-70_dp=1.2.jpg,2069.0
35,120,15,10,70,1.5,6948,0,6948,6253.2,output__p1=120_p2=35_md=15_r=10-70_dp=1.5.jpg,3379.5
35,120,25,10,70,1.0,921,0,921,828.9,output__p1=120_p2=35_md=25_r=10-70_dp=1.0.jpg,318.3
35,120,25,10,70,1.2,2209,0,2209,1988.1000000000001,output__p1=120_p2=35_md=25_r=10-70_dp=1.2.jpg,2132.8
35,120,25,10,70,1.5,2609,0,2609,2348.1,output__p1=120_p2=35_md=25_r=10-70_dp=1.5.jpg,3436.2
35,120,40,10,70,1.0,528,0,528,475.2,output__p1=120_p2=35_md=40_r=10-70_dp=1.0.jpg,327.8
35,120,40,10,70,1.2,956,0,956,860.4,output__p1=120_p2=35_md=40_r=10-70_dp=1.2.jpg,2037.1
35,120,40,10,70,1.5,1072,0,1072,964.8000000000001,output__p1=120_p2=35_md=40_r=10-70_dp=1.5.jpg,3168.5
50,50,15,10,70,1.0,80,0,80,72.0,output__p1=50_p2=50_md=15_r=10-70_dp=1.0.jpg,135.4
50,50,15,10,70,1.2,2598,0,2598,2338.2000000000003,output__p1=50_p2=50_md=15_r=10-70_dp=1.2.jpg,781.0
50,50,15,10,70,1.5,6411,0,6411,5769.900000000001,output__p1=50_p2=50_md=15_r=10-70_dp=1.5.jpg,3297.6
50,50,25,10,70,1.0,72,0,72,64.8,output__p1=50_p2=50_md=25_r=10-70_dp=1.0.jpg,116.6
50,50,25,10,70,1.2,1387,0,1387,1248.3,output__p1=50_p2=50_md=25_r=10-70_dp=1.2.jpg,805.7
50,50,25,10,70,1.5,2470,0,2470,2223.0,output__p1=50_p2=50_md=25_r=10-70_dp=1.5.jpg,4225.4
50,50,40,10,70,1.0,68,0,68,61.2,output__p1=50_p2=50_md=40_r=10-70_dp=1.0.jpg,150.0
50,50,40,10,70,1.2,698,0,698,628.2,output__p1=50_p2=50_md=40_r=10-70_dp=1.2.jpg,727.0
50,50,40,10,70,1.5,1028,0,1028,925.2,output__p1=50_p2=50_md=40_r=10-70_dp=1.5.jpg,3998.2
50,80,15,10,70,1.0,37,0,37,33.300000000000004,output__p1=80_p2=50_md=15_r=10-70_dp=1.0.jpg,128.5
50,80,15,10,70,1.2,1779,0,1779,1601.1000000000001,output__p1=80_p2=50_md=15_r=10-70_dp=1.2.jpg,467.7
50,80,15,10,70,1.5,5943,0,5943,5348.7,output__p1=80_p2=50_md=15_r=10-70_dp=1.5.jpg,3065.3
50,80,25,10,70,1.0,34,0,34,30.6,output__p1=80_p2=50_md=25_r=10-70_dp=1.0.jpg,108.5
50,80,25,10,70,1.2,1059,0,1059,953.1,output__p1=80_p2=50_md=25_r=10-70_dp=1.2.jpg,556.4
50,80,25,10,70,1.5,2355,0,2355,2119.5,output__p1=80_p2=50_md=25_r=10-70_dp=1.5.jpg,2694.8
50,80,40,10,70,1.0,34,0,34,30.6,output__p1=80_p2=50_md=40_r=10-70_dp=1.0.jpg,111.2
50,80,40,10,70,1.2,563,0,563,506.7,output__p1=80_p2=50_md=40_r=10-70_dp=1.2.jpg,461.3
50,80,40,10,70,1.5,1007,0,1007,906.3000000000001,output__p1=80_p2=50_md=40_r=10-70_dp=1.5.jpg,2524.5
50,120,15,10,70,1.0,11,0,11,9.9,output__p1=120_p2=50_md=15_r=10-70_dp=1.0.jpg,184.0
50,120,15,10,70,1.2,926,0,926,833.4,output__p1=120_p2=50_md=15_r=10-70_dp=1.2.jpg,227.2
50,120,15,10,70,1.5,5043,0,5043,4538.7,output__p1=120_p2=50_md=15_r=10-70_dp=1.5.jpg,1783.0
50,120,25,10,70,1.0,11,0,11,9.9,output__p1=120_p2=50_md=25_r=10-70_dp=1.0.jpg,121.9
50,120,25,10,70,1.2,619,0,619,557.1,output__p1=120_p2=50_md=25_r=10-70_dp=1.2.jpg,228.7
50,120,25,10,70,1.5,2093,0,2093,1883.7,output__p1=120_p2=50_md=25_r=10-70_dp=1.5.jpg,1684.5
50,120,40,10,70,1.0,11,0,11,9.9,output__p1=120_p2=50_md=40_r=10-70_dp=1.0.jpg,219.0
50,120,40,10,70,1.2,390,0,390,351.0,output__p1=120_p2=50_md=40_r=10-70_dp=1.2.jpg,211.8
50,120,40,10,70,1.5,936,0,936,842.4,output__p1=120_p2=50_md=40_r=10-70_dp=1.5.jpg,1640.0
15,50,15,6,40,1.0,7083,0,7083,6374.7,output__p1=50_p2=15_md=15_r=6-40_dp=1.0.jpg,2588.2
15,50,15,6,40,1.2,7470,0,7470,6723.0,output__p1=50_p2=15_md=15_r=6-40_dp=1.2.jpg,2683.5
15,50,15,6,40,1.5,7582,0,7582,6823.8,output__p1=50_p2=15_md=15_r=6-40_dp=1.5.jpg,2035.6
15,50,25,6,40,1.0,2741,0,2741,2466.9,output__p1=50_p2=15_md=25_r=6-40_dp=1.0.jpg,1976.4
15,50,25,6,40,1.2,2804,0,2804,2523.6,output__p1=50_p2=15_md=25_r=6-40_dp=1.2.jpg,2155.8
15,50,25,6,40,1.5,2784,0,2784,2505.6,output__p1=50_p2=15_md=25_r=6-40_dp=1.5.jpg,1635.9
15,50,40,6,40,1.0,1081,0,1081,972.9,output__p1=50_p2=15_md=40_r=6-40_dp=1.0.jpg,1835.5
15,50,40,6,40,1.2,1107,0,1107,996.3000000000001,output__p1=50_p2=15_md=40_r=6-40_dp=1.2.jpg,1931.4
15,50,40,6,40,1.5,1123,0,1123,1010.7,output__p1=50_p2=15_md=40_r=6-40_dp=1.5.jpg,1362.3
15,80,15,6,40,1.0,6748,0,6748,6073.2,output__p1=80_p2=15_md=15_r=6-40_dp=1.0.jpg,1969.5
15,80,15,6,40,1.2,7349,0,7349,6614.1,output__p1=80_p2=15_md=15_r=6-40_dp=1.2.jpg,2555.0
15,80,15,6,40,1.5,7540,0,7540,6786.0,output__p1=80_p2=15_md=15_r=6-40_dp=1.5.jpg,1912.0
15,80,25,6,40,1.0,2645,0,2645,2380.5,output__p1=80_p2=15_md=25_r=6-40_dp=1.0.jpg,1654.2
15,80,25,6,40,1.2,2771,0,2771,2493.9,output__p1=80_p2=15_md=25_r=6-40_dp=1.2.jpg,1874.1
15,80,25,6,40,1.5,2794,0,2794,2514.6,output__p1=80_p2=15_md=25_r=6-40_dp=1.5.jpg,1422.0
15,80,40,6,40,1.0,1059,0,1059,953.1,output__p1=80_p2=15_md=40_r=6-40_dp=1.0.jpg,1621.8
15,80,40,6,40,1.2,1091,0,1091,981.9,output__p1=80_p2=15_md=40_r=6-40_dp=1.2.jpg,2101.6
15,80,40,6,40,1.5,1110,0,1110,999.0,output__p1=80_p2=15_md=40_r=6-40_dp=1.5.jpg,1400.7
15,120,15,6,40,1.0,6137,0,6137,5523.3,output__p1=120_p2=15_md=15_r=6-40_dp=1.0.jpg,1471.5
15,120,15,6,40,1.2,7074,0,7074,6366.6,output__p1=120_p2=15_md=15_r=6-40_dp=1.2.jpg,2035.3
15,120,15,6,40,1.5,7487,0,7487,6738.3,output__p1=120_p2=15_md=15_r=6-40_dp=1.5.jpg,1857.4
15,120,25,6,40,1.0,2473,0,2473,2225.7000000000003,output__p1=120_p2=15_md=25_r=6-40_dp=1.0.jpg,1146.5
15,120,25,6,40,1.2,2709,0,2709,2438.1,output__p1=120_p2=15_md=25_r=6-40_dp=1.2.jpg,1634.7
15,120,25,6,40,1.5,2756,0,2756,2480.4,output__p1=120_p2=15_md=25_r=6-40_dp=1.5.jpg,1633.2
15,120,40,6,40,1.0,1025,0,1025,922.5,output__p1=120_p2=15_md=40_r=6-40_dp=1.0.jpg,1410.1
15,120,40,6,40,1.2,1071,0,1071,963.9,output__p1=120_p2=15_md=40_r=6-40_dp=1.2.jpg,1503.4
15,120,40,6,40,1.5,1089,0,1089,980.1,output__p1=120_p2=15_md=40_r=6-40_dp=1.5.jpg,1263.3
25,50,15,6,40,1.0,2479,0,2479,2231.1,output__p1=50_p2=25_md=15_r=6-40_dp=1.0.jpg,328.5
25,50,15,6,40,1.2,5700,0,5700,5130.0,output__p1=50_p2=25_md=15_r=6-40_dp=1.2.jpg,1744.5
25,50,15,6,40,1.5,7200,0,7200,6480.0,output__p1=50_p2=25_md=15_r=6-40_dp=1.5.jpg,1940.0
25,50,25,6,40,1.0,1383,0,1383,1244.7,output__p1=50_p2=25_md=25_r=6-40_dp=1.0.jpg,260.9
25,50,25,6,40,1.2,2380,0,2380,2142.0,output__p1=50_p2=25_md=25_r=6-40_dp=1.2.jpg,980.6
25,50,25,6,40,1.5,2669,0,2669,2402.1,output__p1=50_p2=25_md=25_r=6-40_dp=1.5.jpg,1364.1
25,50,40,6,40,1.0,769,0,769,692.1,output__p1=50_p2=25_md=40_r=6-40_dp=1.0.jpg,290.3
25,50,40,6,40,1.2,977,0,977,879.3000000000001,output__p1=50_p2=25_md=40_r=6-40_dp=1.2.jpg,951.0
25,50,40,6,40,1.5,1079,0,1079,971.1,output__p1=50_p2=25_md=40_r=6-40_dp=1.5.jpg,1294.7
25,80,15,6,40,1.0,1884,0,1884,1695.6000000000001,output__p1=80_p2=25_md=15_r=6-40_dp=1.0.jpg,203.0
25,80,15,6,40,1.2,5075,0,5075,4567.5,output__p1=80_p2=25_md=15_r=6-40_dp=1.2.jpg,901.1
25,80,15,6,40,1.5,6944,0,6944,6249.6,output__p1=80_p2=25_md=15_r=6-40_dp=1.5.jpg,1808.2
25,80,25,6,40,1.0,1105,0,1105,994.5,output__p1=80_p2=25_md=25_r=6-40_dp=1.0.jpg,237.1
25,80,25,6,40,1.2,2190,0,2190,1971.0,output__p1=80_p2=25_md=25_r=6-40_dp=1.2.jpg,747.3
25,80,25,6,40,1.5,2646,0,2646,2381.4,output__p1=80_p2=25_md=25_r=6-40_dp=1.5.jpg,1187.1
25,80,40,6,40,1.0,688,0,688,619.2,output__p1=80_p2=25_md=40_r=6-40_dp=1.0.jpg,261.9
25,80,40,6,40,1.2,952,0,952,856.8000000000001,output__p1=80_p2=25_md=40_r=6-40_dp=1.2.jpg,778.9
25,80,40,6,40,1.5,1050,0,1050,945.0,output__p1=80_p2=25_md=40_r=6-40_dp=1.5.jpg,1138.9
25,120,15,6,40,1.0,1229,0,1229,1106.1000000000001,output__p1=120_p2=25_md=15_r=6-40_dp=1.0.jpg,151.2
25,120,15,6,40,1.2,4139,0,4139,3725.1,output__p1=120_p2=25_md=15_r=6-40_dp=1.2.jpg,665.5
25,120,15,6,40,1.5,6522,0,6522,5869.8,output__p1=120_p2=25_md=15_r=6-40_dp=1.5.jpg,1112.2
25,120,25,6,40,1.0,794,0,794,714.6,output__p1=120_p2=25_md=25_r=6-40_dp=1.0.jpg,145.8
25,120,25,6,40,1.2,1901,0,1901,1710.9,output__p1=120_p2=25_md=25_r=6-40_dp=1.2.jpg,503.6
25,120,25,6,40,1.5,2499,0,2499,2249.1,output__p1=120_p2=25_md=25_r=6-40_dp=1.5.jpg,1064.4
25,120,40,6,40,1.0,559,0,559,503.1,output__p1=120_p2=25_md=40_r=6-40_dp=1.0.jpg,147.9
25,120,40,6,40,1.2,879,0,879,791.1,output__p1=120_p2=25_md=40_r=6-40_dp=1.2.jpg,645.0
25,120,40,6,40,1.5,1023,0,1023,920.7,output__p1=120_p2=25_md=40_r=6-40_dp=1.5.jpg,892.9
35,50,15,6,40,1.0,175,0,175,157.5,output__p1=50_p2=35_md=15_r=6-40_dp=1.0.jpg,89.8
35,50,15,6,40,1.2,1946,0,1946,1751.4,output__p1=50_p2=35_md=15_r=6-40_dp=1.2.jpg,191.3
35,50,15,6,40,1.5,5749,0,5749,5174.1,output__p1=50_p2=35_md=15_r=6-40_dp=1.5.jpg,893.0
35,50,25,6,40,1.0,169,0,169,152.1,output__p1=50_p2=35_md=25_r=6-40_dp=1.0.jpg,91.9
35,50,25,6,40,1.2,1158,0,1158,1042.2,output__p1=50_p2=35_md=25_r=6-40_dp=1.2.jpg,184.7
35,50,25,6,40,1.5,2300,0,2300,2070.0,output__p1=50_p2=35_md=25_r=6-40_dp=1.5.jpg,789.4
35,50,40,6,40,1.0,161,0,161,144.9,output__p1=50_p2=35_md=40_r=6-40_dp=1.0.jpg,95.0
35,50,40,6,40,1.2,684,0,684,615.6,output__p1=50_p2=35_md=40_r=6-40_dp=1.2.jpg,177.7
35,50,40,6,40,1.5,975,0,975,877.5,output__p1=50_p2=35_md=40_r=6-40_dp=1.5.jpg,757.1
35,80,15,6,40,1.0,126,0,126,113.4,output__p1=80_p2=35_md=15_r=6-40_dp=1.0.jpg,89.4
35,80,15,6,40,1.2,1454,0,1454,1308.6000000000001,output__p1=80_p2=35_md=15_r=6-40_dp=1.2.jpg,148.6
35,80,15,6,40,1.5,5049,0,5049,4544.1,output__p1=80_p2=35_md=15_r=6-40_dp=1.5.jpg,688.1
35,80,25,6,40,1.0,124,0,124,111.60000000000001,output__p1=80_p2=35_md=25_r=6-40_dp=1.0.jpg,89.4
35,80,25,6,40,1.2,914,0,914,822.6,output__p1=80_p2=35_md=25_r=6-40_dp=1.2.jpg,143.9
35,80,25,6,40,1.5,2130,0,2130,1917.0,output__p1=80_p2=35_md=25_r=6-40_dp=1.5.jpg,634.7
35,80,40,6,40,1.0,121,0,121,108.9,output__p1=80_p2=35_md=40_r=6-40_dp=1.0.jpg,89.5
35,80,40,6,40,1.2,597,0,597,537.3000000000001,output__p1=80_p2=35_md=40_r=6-40_dp=1.2.jpg,144.8
35,80,40,6,40,1.5,938,0,938,844.2,output__p1=80_p2=35_md=40_r=6-40_dp=1.5.jpg,616.3
35,120,15,6,40,1.0,73,0,73,65.7,output__p1=120_p2=35_md=15_r=6-40_dp=1.0.jpg,81.9
35,120,15,6,40,1.2,921,0,921,828.9,output__p1=120_p2=35_md=15_r=6-40_dp=1.2.jpg,253.2
35,120,15,6,40,1.5,4104,0,4104,3693.6,output__p1=120_p2=35_md=15_r=6-40_dp=1.5.jpg,461.3
35,120,25,6,40,1.0,71,0,71,63.9,output__p1=120_p2=35_md=25_r=6-40_dp=1.0.jpg,83.0
35,120,25,6,40,1.2,649,0,649,584.1,output__p1=120_p2=35_md=25_r=6-40_dp=1.2.jpg,106.1
35,120,25,6,40,1.5,1816,0,1816,1634.4,output__p1=120_p2=35_md=25_r=6-40_dp=1.5.jpg,467.2
35,120,40,6,40,1.0,70,0,70,63.0,output__p1=120_p2=35_md=40_r=6-40_dp=1.0.jpg,83.8
35,120,40,6,40,1.2,490,0,490,441.0,output__p1=120_p2=35_md=40_r=6-40_dp=1.2.jpg,106.1
35,120,40,6,40,1.5,867,0,867,780.3000000000001,output__p1=120_p2=35_md=40_r=6-40_dp=1.5.jpg,545.3
50,50,15,6,40,1.0,0,0,0,0.0,output__p1=50_p2=50_md=15_r=6-40_dp=1.0.jpg,80.1
50,50,15,6,40,1.2,87,0,87,78.3,output__p1=50_p2=50_md=15_r=6-40_dp=1.2.jpg,69.3
50,50,15,6,40,1.5,1840,0,1840,1656.0,output__p1=50_p2=50_md=15_r=6-40_dp=1.5.jpg,174.5
50,50,25,6,40,1.0,0,0,0,0.0,output__p1=50_p2=50_md=25_r=6-40_dp=1.0.jpg,112.2
50,50,25,6,40,1.2,83,0,83,74.7,output__p1=50_p2=50_md=25_r=6-40_dp=1.2.jpg,76.3
50,50,25,6,40,1.5,1083,0,1083,974.7,output__p1=50_p2=50_md=25_r=6-40_dp=1.5.jpg,193.6
50,50,40,6,40,1.0,0,0,0,0.0,output__p1=50_p2=50_md=40_r=6-40_dp=1.0.jpg,105.8
50,50,40,6,40,1.2,82,0,82,73.8,output__p1=50_p2=50_md=40_r=6-40_dp=1.2.jpg,71.0
50,50,40,6,40,1.5,677,0,677,609.3000000000001,output__p1=50_p2=50_md=40_r=6-40_dp=1.5.jpg,176.0
50,80,15,6,40,1.0,0,0,0,0.0,output__p1=80_p2=50_md=15_r=6-40_dp=1.0.jpg,111.7
50,80,15,6,40,1.2,62,0,62,55.800000000000004,output__p1=80_p2=50_md=15_r=6-40_dp=1.2.jpg,72.1
50,80,15,6,40,1.5,1341,0,1341,1206.9,output__p1=80_p2=50_md=15_r=6-40_dp=1.5.jpg,165.2
50,80,25,6,40,1.0,0,0,0,0.0,output__p1=80_p2=50_md=25_r=6-40_dp=1.0.jpg,93.8
50,80,25,6,40,1.2,60,0,60,54.0,output__p1=80_p2=50_md=25_r=6-40_dp=1.2.jpg,75.8
50,80,25,6,40,1.5,858,0,858,772.2,output__p1=80_p2=50_md=25_r=6-40_dp=1.5.jpg,139.6
50,80,40,6,40,1.0,0,0,0,0.0,output__p1=80_p2=50_md=40_r=6-40_dp=1.0.jpg,82.6
50,80,40,6,40,1.2,59,0,59,53.1,output__p1=80_p2=50_md=40_r=6-40_dp=1.2.jpg,80.8
50,80,40,6,40,1.5,580,0,580,522.0,output__p1=80_p2=50_md=40_r=6-40_dp=1.5.jpg,156.7
50,120,15,6,40,1.0,0,0,0,0.0,output__p1=120_p2=50_md=15_r=6-40_dp=1.0.jpg,83.2
50,120,15,6,40,1.2,37,0,37,33.300000000000004,output__p1=120_p2=50_md=15_r=6-40_dp=1.2.jpg,84.0
50,120,15,6,40,1.5,822,0,822,739.8000000000001,output__p1=120_p2=50_md=15_r=6-40_dp=1.5.jpg,106.0
50,120,25,6,40,1.0,0,0,0,0.0,output__p1=120_p2=50_md=25_r=6-40_dp=1.0.jpg,82.9
50,120,25,6,40,1.2,35,0,35,31.5,output__p1=120_p2=50_md=25_r=6-40_dp=1.2.jpg,80.5
50,120,25,6,40,1.5,585,0,585,526.5,output__p1=120_p2=50_md=25_r=6-40_dp=1.5.jpg,113.7
50,120,40,6,40,1.0,0,0,0,0.0,output__p1=120_p2=50_md=40_r=6-40_dp=1.0.jpg,86.0
50,120,40,6,40,1.2,35,0,35,31.5,output__p1=120_p2=50_md=40_r=6-40_dp=1.2.jpg,75.5
50,120,40,6,40,1.5,441,0,441,396.90000000000003,output__p1=120_p2=50_md=40_r=6-40_dp=1.5.jpg,114.8
